Description,Amino Acids,A,R,N,D,C,Q,E,G,H,I,L,K,M,F,P,S,T,W,Y,V
ZHAC000102,A,-0.94,1.26,0.55,0.76,-1.54,1.14,1.57,-0.78,0.44,-1.59,-1.64,1.91,-0.9,-1.49,0.28,0.2,-0.04,-0.92,-0.75,-1.45
ZHAC000102,R,0.56,1.79,2.31,0.79,-0.67,2.54,0.72,1.09,0.94,-0.01,0.01,3.68,0.89,-0.05,1.37,0.83,1.35,0.0,0.33,0.44
ZHAC000102,N,0.59,2.21,1.82,0.77,-0.9,0.46,3.06,-0.16,0.63,-0.33,0.2,2.43,0.99,0.63,0.54,0.24,0.63,0.11,-0.19,0.23
ZHAC000102,D,0.66,0.76,0.76,1.19,-0.21,1.66,2.22,0.29,0.57,0.59,0.79,1.13,1.41,0.49,1.7,1.03,1.19,1.85,0.18,0.86
ZHAC000102,C,-1.75,0.78,-1.0,0.32,-3.64,0.48,0.87,-1.67,-0.62,-2.77,-2.32,0.19,-1.22,-2.67,-1.62,-0.83,-1.14,-0.52,-1.94,-2.35
ZHAC000102,Q,0.33,2.15,1.22,1.26,1.37,1.17,2.56,0.92,1.02,0.11,0.0,2.58,0.79,-0.26,0.53,1.19,1.11,0.21,0.39,0.15
ZHAC000102,E,0.82,1.05,2.18,2.11,0.01,2.42,2.58,1.15,0.97,0.2,0.31,1.31,1.25,0.12,2.0,1.09,1.13,0.58,0.31,0.39
ZHAC000102,G,-0.4,0.95,0.03,0.14,-1.0,0.34,0.99,-1.32,0.13,-1.4,-1.36,1.58,-0.9,-1.41,0.82,-0.27,0.21,-0.59,-1.27,-1.09
ZHAC000102,H,-0.75,2.19,0.13,0.68,-1.37,1.98,1.13,0.01,1.52,-0.83,-0.58,2.26,-0.82,-1.01,0.53,-0.17,0.02,-49.0,-0.61,-0.56
ZHAC000102,I,-1.99,0.25,-0.2,1.0,-2.44,-0.12,0.88,-1.54,-0.05,-2.64,-2.33,0.75,-1.85,-2.46,-1.06,-0.59,-0.65,-1.82,-1.88,-2.45
ZHAC000102,L,-2.02,0.34,-0.04,0.13,-2.29,0.24,0.73,-1.27,-0.46,-2.53,-2.44,0.67,-1.8,-2.28,-1.29,-0.4,-0.34,-1.76,-1.66,-2.26
ZHAC000102,K,0.6,3.11,2.23,1.06,0.5,1.8,1.65,0.82,1.25,0.1,0.34,3.51,0.98,-0.21,1.15,2.09,1.3,-0.14,0.28,0.13
ZHAC000102,M,-1.54,-0.06,-0.63,1.76,-2.51,0.14,0.72,-1.74,0.07,-2.27,-2.22,1.27,-1.77,-1.87,0.34,-0.02,-0.21,-0.93,-1.54,-1.81
ZHAC000102,F,-2.12,0.33,-0.7,0.17,-2.3,-0.59,0.26,-1.6,-0.88,-2.53,-2.44,-0.42,-1.83,-2.68,-1.4,-0.82,-0.61,-1.63,-1.83,-2.25
ZHAC000102,P,0.63,2.43,-0.19,1.31,-1.63,1.46,1.91,0.08,1.11,-0.2,0.47,1.94,-0.34,0.15,0.57,0.0,1.15,0.06,0.26,-0.06
ZHAC000102,S,-0.41,0.88,1.02,1.04,-0.21,1.27,0.94,0.04,0.75,-0.48,-0.67,2.28,0.45,-0.92,0.75,0.5,0.96,0.22,-0.19,-0.54
ZHAC000102,T,-0.32,1.48,0.35,0.43,-1.44,0.38,1.36,-0.38,0.2,-1.14,-1.0,1.38,-0.35,-0.97,-0.05,-0.16,0.29,-0.53,-0.76,-0.73
ZHAC000102,W,-1.85,0.45,-0.03,0.8,-1.64,-0.23,0.11,-0.95,0.67,-1.58,-2.13,0.61,-1.75,-1.59,-1.07,-0.34,-0.4,-1.29,-1.27,-1.79
ZHAC000102,Y,-0.88,-0.2,-0.29,0.14,-1.31,0.09,0.71,-0.56,-0.57,-1.66,-1.38,1.4,-1.6,-1.97,-0.73,-0.32,-0.37,-1.4,-0.96,-1.38
ZHAC000102,V,-1.74,0.85,0.24,0.72,-2.25,0.45,0.81,-1.29,-0.24,-2.46,-2.38,0.37,-1.21,-2.16,-1.0,-0.1,-0.57,-1.34,-1.52,-2.31
ZHAC000103,A,0.12,1.17,0.84,0.9,-0.81,1.16,1.44,0.1,0.69,-0.81,-0.78,1.16,-0.22,-0.67,0.61,0.47,0.36,-0.72,-0.37,-0.43
ZHAC000103,R,0.98,1.65,1.16,0.6,-0.21,1.26,1.12,1.09,1.16,-0.04,-0.09,2.37,0.47,-0.04,1.22,1.05,0.92,-0.09,0.06,0.32
ZHAC000103,N,0.69,1.16,1.16,1.22,-0.06,1.23,1.45,0.96,0.88,0.26,0.12,1.48,0.32,0.03,1.14,0.73,0.62,0.62,0.53,0.23
ZHAC000103,D,0.9,0.4,1.06,1.45,0.58,1.88,2.18,1.13,0.69,0.43,0.65,0.95,0.75,0.33,1.41,0.39,0.54,-0.1,0.12,0.77
ZHAC000103,C,-0.83,0.1,0.4,0.12,-2.65,-0.24,0.96,-0.26,-0.26,-1.61,-1.77,0.8,-1.02,-1.47,-0.31,-0.31,-0.49,-1.3,-0.98,-1.62
ZHAC000103,Q,1.13,1.1,1.28,1.37,0.14,1.62,1.84,1.29,1.31,0.05,-0.05,1.5,0.41,0.2,1.14,0.86,0.62,0.45,0.31,0.48
ZHAC000103,E,1.33,0.91,1.33,1.6,0.31,1.6,1.93,1.62,1.01,0.33,0.38,1.12,0.82,0.55,1.54,0.78,0.54,0.23,0.52,0.86
ZHAC000103,G,-0.22,0.72,0.27,0.47,-0.95,0.42,1.39,-0.23,0.4,-0.48,-0.81,1.04,-0.62,-0.36,0.41,0.23,-0.04,-0.71,0.08,-0.35
ZHAC000103,H,0.47,0.81,0.95,0.51,-1.56,0.9,0.89,0.86,0.2,-0.43,-0.48,1.31,-0.63,-0.41,0.56,0.4,0.28,-0.2,-0.22,-0.21
ZHAC000103,I,-0.58,0.17,0.61,0.46,-1.17,0.24,0.8,0.04,-0.16,-1.64,-1.66,0.87,-0.89,-1.56,-0.27,0.02,-0.32,-1.4,-1.13,-1.36
ZHAC000103,L,-0.44,0.2,0.5,0.71,-1.56,0.11,0.82,0.28,-0.15,-1.67,-1.62,0.72,-0.96,-1.55,0.02,0.19,-0.09,-1.46,-0.95,-1.32
ZHAC000103,K,1.07,2.48,1.75,0.98,0.42,1.68,1.04,1.31,1.39,0.41,0.29,2.95,0.98,0.27,1.63,1.51,1.48,0.32,0.6,0.64
ZHAC000103,M,-0.22,0.65,0.76,0.88,-0.95,0.68,1.92,0.27,0.31,-1.32,-1.04,1.02,-0.57,-1.6,0.07,0.47,0.04,-1.29,-0.85,-0.82
ZHAC000103,F,-0.33,-0.06,0.42,0.42,-1.9,0.25,0.64,0.12,-0.01,-1.64,-1.5,0.58,-1.36,-1.77,-0.3,0.02,0.04,-1.41,-1.36,-1.34
ZHAC000103,P,0.78,1.3,1.31,1.27,-0.04,1.44,1.71,0.69,0.84,0.05,0.15,1.68,0.38,0.27,1.05,1.19,0.83,-0.24,0.23,0.12
ZHAC000103,S,0.46,1.07,1.04,0.73,-0.31,1.47,1.23,0.57,0.58,-0.11,-0.24,1.37,0.08,-0.34,0.76,0.51,0.48,-0.04,0.47,0.18
ZHAC000103,T,0.5,0.9,0.75,0.91,-0.26,1.03,1.25,0.55,0.55,-0.2,-0.26,1.42,0.5,-0.22,0.88,0.69,0.56,0.41,0.11,-0.15
ZHAC000103,W,-0.41,-0.06,-0.19,0.32,-0.79,-0.14,0.58,0.07,-0.62,-1.58,-1.16,0.18,-1.03,-1.33,-0.56,0.15,-0.19,-1.83,-0.67,-0.92
ZHAC000103,Y,-0.22,-0.07,0.52,0.46,-0.87,0.38,0.59,0.4,-0.17,-1.29,-1.15,0.83,-0.98,-1.16,-0.16,0.34,-0.12,-0.79,-0.77,-0.78
ZHAC000103,V,-0.51,0.49,0.48,0.67,-1.4,0.66,0.63,-0.06,0.28,-1.25,-1.5,1.14,-0.93,-1.36,-0.04,0.1,-0.01,-1.11,-0.82,-1.14
ZHAC000105,A,-0.57,0.47,0.3,0.62,-1.6,0.45,0.61,-0.24,0.07,-1.64,-1.63,0.62,-1.03,-1.55,-0.11,-0.1,-0.34,-1.44,-0.39,-1.55
ZHAC000105,R,0.23,0.79,0.76,0.39,-0.41,0.92,0.76,0.52,0.51,-0.3,0.13,1.58,0.88,-0.07,0.6,0.65,0.37,0.14,0.32,0.17
ZHAC000105,N,-0.28,0.74,0.57,0.87,-0.68,0.52,1.0,-0.07,0.32,-0.31,-0.08,0.87,0.29,-0.17,0.57,0.11,0.19,0.04,0.24,-0.23
ZHAC000105,D,0.15,-0.25,0.46,0.69,-0.46,0.41,1.34,0.56,-0.51,-0.23,0.27,0.59,0.6,-0.38,1.02,0.08,0.05,-0.48,0.02,0.34
ZHAC000105,C,-1.19,-0.46,0.21,0.51,-3.3,0.26,0.2,-1.03,-0.72,-1.55,-1.71,0.27,-1.24,-1.7,-0.5,-0.55,-0.97,-0.67,-1.26,-1.62
ZHAC000105,Q,0.63,1.18,0.92,1.37,-0.3,0.93,1.27,0.56,0.91,-0.28,-0.11,0.98,0.15,-0.3,0.64,0.88,0.68,-0.44,0.66,0.15
ZHAC000105,E,0.97,0.89,1.37,1.89,0.3,1.25,2.34,0.98,0.58,0.2,0.5,0.67,1.23,0.58,1.26,0.95,1.06,0.04,0.87,0.48
ZHAC000105,G,-0.64,0.12,0.27,0.31,-1.37,0.38,0.98,-0.4,-0.12,-1.58,-1.4,0.78,-0.46,-1.38,-0.21,0.05,-0.26,-1.41,-0.61,-1.13
ZHAC000105,H,-0.02,0.75,0.68,0.14,-0.58,0.73,0.84,0.41,-0.64,-0.75,0.03,1.46,-0.16,-0.49,0.52,0.31,-0.11,-1.0,-0.58,0.03
ZHAC000105,I,-0.94,-0.14,0.31,0.26,-1.7,0.07,0.46,-0.37,-0.5,-1.88,-1.79,0.84,-0.99,-1.82,-0.47,-0.05,-0.54,-1.65,-1.09,-1.64
ZHAC000105,L,-0.76,0.32,0.43,0.25,-1.63,0.22,0.68,-0.17,-0.4,-1.84,-1.7,0.47,-1.06,-1.76,-0.39,0.09,-0.42,-1.81,-1.15,-1.64
ZHAC000105,K,1.02,1.99,1.18,0.59,0.08,1.1,0.6,0.61,0.95,0.24,0.34,2.69,0.97,-0.03,1.23,1.07,0.83,0.0,0.26,0.36
ZHAC000105,M,-0.16,0.83,0.47,0.92,-1.63,0.36,0.71,-0.2,0.9,-1.0,-1.12,1.55,-0.31,-1.35,-0.01,0.34,0.2,-1.7,-0.6,-0.79
ZHAC000105,F,-0.7,0.03,0.63,0.15,-1.26,0.29,0.35,-0.11,-0.36,-1.73,-1.55,0.71,-0.97,-1.55,-0.28,-0.09,-0.32,-1.23,-0.91,-1.3
ZHAC000105,P,0.17,0.5,0.6,0.67,-1.31,0.5,0.94,0.02,-0.45,-1.26,-0.91,1.08,0.83,-0.87,0.63,0.31,0.26,-0.5,-0.55,-0.79
ZHAC000105,S,-0.06,0.99,0.73,0.86,-0.89,0.85,0.67,0.08,0.06,-0.22,-0.29,0.94,-0.08,-0.41,0.67,0.33,0.13,-1.01,0.13,-0.24
ZHAC000105,T,0.26,0.93,0.7,0.87,-0.78,0.58,1.2,0.12,0.52,-0.3,-0.24,1.11,0.01,-0.08,0.65,0.47,0.41,-0.31,0.12,-0.32
ZHAC000105,W,-0.03,-0.11,0.27,0.66,-1.5,0.65,0.5,-0.12,-0.32,-1.13,-1.01,0.52,-1.08,-1.04,-0.32,-0.03,-0.1,-0.67,-0.73,-0.64
ZHAC000105,Y,-0.44,0.2,0.2,0.2,-1.26,0.16,0.1,-0.21,-0.52,-1.26,-1.3,0.6,-0.76,-1.17,-0.42,0.05,-0.27,-1.2,-0.75,-0.84
ZHAC000105,V,-0.83,0.2,0.48,0.62,-1.44,0.17,0.73,-0.12,-0.26,-1.64,-1.59,0.52,-0.7,-1.55,-0.28,0.12,-0.17,-1.16,-0.85,-1.42
